{"cameraMode":{"drawMode":0,"name":"Shaded","section":"Shading Mode"},"sceneLighting":true,"audioPlay":false,"sceneViewState":{"m_AlwaysRefresh":false,"showFog":true,"showSkybox":true,"showFlares":true,"showImageEffects":true,"showParticleSystems":true,"showVisualEffectGraphs":true,"m_FxEnabled":true},"in2DMode":false,"pivot":{"x":454.76324462890627,"y":215.56085205078126,"z":177.96514892578126},"rotation":{"x":-0.05112338811159134,"y":-0.014879899099469185,"z":-0.004733944311738014,"w":-0.9985887408256531},"size":272.1470642089844,"orthographic":false}