{"cameraMode":{"drawMode":0,"name":"Shaded","section":"Shading Mode"},"sceneLighting":false,"audioPlay":false,"sceneViewState":{"m_AlwaysRefresh":false,"showFog":true,"showSkybox":false,"showFlares":true,"showImageEffects":true,"showParticleSystems":true,"showVisualEffectGraphs":true,"m_FxEnabled":true},"in2DMode":false,"pivot":{"x":-17.954544067382814,"y":-0.4832651615142822,"z":16.008831024169923},"rotation":{"x":-0.13515117764472962,"y":-0.6518205404281616,"z":0.11194322258234024,"w":-0.7378072738647461},"size":2.8278772830963136,"orthographic":false}